Link to IG Post,Name
https://www.instagram.com/p/CjszJ-fOP5o/,Angelo’s Pizza
https://www.instagram.com/p/CjdcPNAufPj/,Ozone Pizzeria
https://www.instagram.com/p/CjQdNsaOZlY/,Pino Pizza
https://www.instagram.com/p/Ci5XblnOnMA/,La Rondine
https://www.instagram.com/p/CiiLAtkON_1/,Rony's Fresh Pizza
https://www.instagram.com/p/CiS-44nucNE/,John & Joe's Pizzeria
https://www.instagram.com/p/CiSmQnjutQy/,Prego's Pizza
https://www.instagram.com/p/CiIO6oFuxpP/,N & D Pizza
https://www.instagram.com/p/ChaZUsxuFsr/,Peppinos
https://www.instagram.com/p/ChNd9wqOqGD/,Roccos Pizzeria
https://www.instagram.com/p/ChK957UOLNR/,Ciro Pizza Cafe
https://www.instagram.com/p/Cgw_KgZuCNH/,Baxter Street Pizza
https://www.instagram.com/p/CgmnLIhuG_q/,Pizza Chef
https://www.instagram.com/p/CgXcZipOBBe/,Galleria pizza
https://www.instagram.com/p/CgUZj2qOQBF/,Emilio's Pizza
https://www.instagram.com/p/CgSHJq0u0CR/,Bella Napoli Pizza & Pasta
https://www.instagram.com/p/CfwnPpCuyXw/,Gravesend Pizza
https://www.instagram.com/p/CfeX4MLub93/,Jojo's Pizza
https://www.instagram.com/p/CeZHIejOBe4/,Pizza Stop
https://www.instagram.com/p/CeG0MHwu5uz/,Joe and Johns Pizzeria
https://www.instagram.com/p/CeEjjdJu2CM/,Enzo's Pizzeria
https://www.instagram.com/p/Cd050oPONO3/,On The Run Pizza
https://www.instagram.com/p/Cdyr6CUu6sh/,DiLeo's Pizzeria
https://www.instagram.com/p/CdgOAK0O_Bl/,Corona Pizza
https://www.instagram.com/p/CdepDIws1Rp/,Valentine's Pizza
https://www.instagram.com/p/CdeK4U4u-T_/,iPizza NY
https://www.instagram.com/p/CdRGamkO1Au/,S & S CALABRO PIZZERIA
https://www.instagram.com/p/CdOMv-oOwrt/,Sofia Pizza II
https://www.instagram.com/p/Cc5-HVMOgQU/,Fontana Famous Pizza and Gyro
https://www.instagram.com/p/CcqMPK7uZFj/,Austin Street Pizza
https://www.instagram.com/p/CcavcRLukTB/,Villa Rustica Ristorante & Pizzeria
https://www.instagram.com/p/CcJBSkYOvlP/,Domy's Pizza Cafe
https://www.instagram.com/p/CcBKp1VudyU/,Pizza Town
https://www.instagram.com/p/CbarxzguiBE/,Marinara Pizza
https://www.instagram.com/p/CbQG5s3uFK_/,Big John's Pizza - Queens Village NY
https://www.instagram.com/p/CbAz-NbucTH/,Daro's Pizza
https://www.instagram.com/p/Cap6Zc6lDQr/,Rockys Pizzeria
https://www.instagram.com/p/Cac5U6Ellmk/,Luigi's Pizza
https://www.instagram.com/p/CaH_ZkmFnJ_/,The Original Pizza Sam
https://www.instagram.com/p/CZnG5melVOb/,Sal Pizza
https://www.instagram.com/p/CZkK1U_FNy5/,Bad Boys Pizza
https://www.instagram.com/p/CZj8ytmFPC-/,Mama Mia Pizzeria
https://www.instagram.com/p/CZhTlR8LqNy/,Spiro's Cafe & Pizza
https://www.instagram.com/p/CZSCcU2F_c6/,La Vera Pizza & Restaurant 2447 Broadway New York 10025
https://www.instagram.com/p/CZARA2jlGWc/,Lenny And Johns Pizzeria
https://www.instagram.com/p/CY7u9cmsN_d/,My Place Family Pizza
https://www.instagram.com/p/CY7kBN7M_LC/,Yankee J-Z Pizza Inc
https://www.instagram.com/p/CY7V19El_m_/,Circle Pizza
https://www.instagram.com/p/CY42naylgtd/,Daisy's Pizza Place Inc
https://www.instagram.com/p/CYw2sXrFMSw/,Sam's Famous Pizza 116th
https://www.instagram.com/p/CYuQWK-FMh-/,La Loteria Pizzeria
https://www.instagram.com/p/CYkBJVhFKnF/,Monte Pizza 
https://www.instagram.com/p/CYcIAQfFnpY/,Natalie pizza
https://www.instagram.com/p/CYaTOSaMc6E/,Rosebank Pizza
https://www.instagram.com/p/CYZyW18l7qn/,Samaria Pizzeria
https://www.instagram.com/p/CYKGRXjFLmz/,Pizza Italia
https://www.instagram.com/p/CX4oz--lW25/,Gianni Pizza of Jackson Heights
https://www.instagram.com/p/CX318hcLFuj/,Table 87 Coal Oven Pizza
https://www.instagram.com/p/CXw3qNKMkC8/,Brothers pizza shop
https://www.instagram.com/p/CXw2-oYsnFt/,Tony Gs Pizza
https://www.instagram.com/p/CXoWHE7LyQ0/,D'Angelo's Pizzeria
https://www.instagram.com/p/CXj2G3UFKtw/,Euro Pizza
https://www.instagram.com/p/CXWkRBklnlR/,PG Pizza
https://www.instagram.com/p/CXRdHaalC6B/,Upside Pizza
https://www.instagram.com/p/CXEaUhWFYC3/,Koronet Pizzeria
https://www.instagram.com/p/CXCCS6MF0ri/,Slice of Harlem Pizzeria
https://www.instagram.com/p/CWgrdzcFQhh/,Lennys Pizza
https://www.instagram.com/p/CWgZOUclIek/,Royal Pizzeria Restaurant Inc
https://www.instagram.com/p/CWeDMc9F0wd/,Joe's Pizza & Pasta
https://www.instagram.com/p/CWbkqvOPBlQ/,Pizza Place
https://www.instagram.com/p/CV8pdPFFlmT/,Angies Cafe & Pizza
https://www.instagram.com/p/CV583oole4t/,Pizza Amore
https://www.instagram.com/p/CVqaaqElJ59/,Landy's Pizzeria
https://www.instagram.com/p/CVqRAZzFaIQ/,La Sorrentina Restaurant
https://www.instagram.com/p/CVavDfnFbNd/,Pizza D'Amore
https://www.instagram.com/p/CVYcC_RFtmw/,Tigre's Pizza
https://www.instagram.com/p/CVVkc3OFM5D/,Frank's Bay Pizza
https://www.instagram.com/p/CVGNjIoltra/,La Bona Pizza & Pasta
https://www.instagram.com/p/CVEByN_FYtv/,PG Pizza
https://www.instagram.com/p/CU0n5ldlsLF/,Mario's Pizza
https://www.instagram.com/p/CUxo-sblI-t/,Margherita Pizza Inc.
https://www.instagram.com/p/CUlTPMhF3t2/,Tony's Pizza
https://www.instagram.com/p/CUIX-dTlS1b/,Pronto Pizza
https://www.instagram.com/p/CUGIJyaFIP3/,Artichoke Basille’s Pizza - Times Square
https://www.instagram.com/p/CTI1STTMwfO/,Bambinos Express
https://www.instagram.com/p/CTIZ9KLFtbI/,620 On Caton Pizzeria 
https://www.instagram.com/p/CSpVvOYl_Ey/,Champion Pizza
https://www.instagram.com/p/CScipo5lvY1/,Belmora Pizza & Restaurant
https://www.instagram.com/p/CSXBv4kLv9G/,Sunset Park Pizza
https://www.instagram.com/p/CSFJpewloDP/,Giovanni S Pizza
https://www.instagram.com/p/CSFJpewloDP/,Slice Joint
https://www.instagram.com/p/CRzbfvKDe4B/,Sacco Pizza
https://www.instagram.com/p/CRvHnUjjPWj/,Gino's of Broadway
https://www.instagram.com/p/CRcbwfMDmrw/,Two Boots Pizza
https://www.instagram.com/p/CRR4SdLjqu3/,Marinara Pizza
https://www.instagram.com/p/CRHpzG9DlXp/,Casabianca Family Italian Ristorante & Pizzeria
https://www.instagram.com/p/CRCNMVpD9d3/,Hank's Pizza
https://www.instagram.com/p/CQosJCfDEwM/,Enzo & Claudio
https://www.instagram.com/p/CQlwqDYDEXe/,Joe's Pizza
https://www.instagram.com/p/CQO4HAjDbqf/,Pizza Prince
https://www.instagram.com/p/CQMQAEvDeIC/,Vito's Slices and Pizza
https://www.instagram.com/p/CQG9xWvjUbj/,Papa John's Pizza
https://www.instagram.com/p/CPYejz7jK5N/,Wegmans
https://www.instagram.com/p/CPJBThpl6mB/,Pizza Market
https://www.instagram.com/p/CO3FB_YD8lh/,Zazzy's Pizza
https://www.instagram.com/p/COvRYpajMQA/,Michelangelo's Pizza
https://www.instagram.com/p/COwIgJ3jBw-/,Gino's Cucina Brick Oven Pizza
https://www.instagram.com/p/CNyLmlVj9Ic/,Julie's Pizzeria & Restaurant
https://www.instagram.com/p/CNvcnXejc4w/,Burrata Pizza
https://www.instagram.com/p/CNdRi8ij_qw/,Via Ponte Pizzeria
https://www.instagram.com/p/CNN_MEqDGNc/,11B Express
https://www.instagram.com/p/CNN6da1Dint/,NY 99¢ Fresh Pizza
https://www.instagram.com/p/CMc6LKfFoPr/,Norm’s Pizza
https://www.instagram.com/p/CMAkU6oFZwc/,Pier 76
https://www.instagram.com/p/CLC8Tu3F5kx/,Danny's Pizzeria
https://www.instagram.com/p/CKmbumgFNF3/,San Remo's Pizza
https://www.instagram.com/p/CKept-SldRh/,Antonio's Pizzeria & Cafe
https://www.instagram.com/p/CKXqSgXFUA4/,Barcklay's Pizza and Pasta
https://www.instagram.com/p/CKM43n7F-jq/,Prima Pizza & Pasta
https://www.instagram.com/p/CKHlfcOFOux/,Baker's Pizza
https://www.instagram.com/p/CJogugVlp8-/,Monty Q's Pizza
https://www.instagram.com/p/CJJky7NlvbY/,Tony's Pizzeria
https://www.instagram.com/p/CIjDhLljL88/,Piz-zetta Pizzeria Brooklyn Heights
https://www.instagram.com/p/CIMJkyBDkWa/,Pronto Pizza
https://www.instagram.com/p/CIEczICj0Gh/,99¢ Fresh Pizza & Hot Dog
https://www.instagram.com/p/CH84rndjqMi/,La Mia Pizzeria & Restaurant
https://www.instagram.com/p/CHa8m5wDiRB/,Sam's Pizza
https://www.instagram.com/p/CHa3mtnjQSA/,Pizza2Go
https://www.instagram.com/p/CGnVYH-lzun/,My Little Pizzeria
https://www.instagram.com/p/CGiL2eUlR1u/,Luv-N-Oven Pizzeria
https://www.instagram.com/p/CGLXY3xlKWO/,Italian Affair
https://www.instagram.com/p/CFsP2YKFwzB/,P & M Pizza & Restaurant
https://www.instagram.com/p/CFSo_2YDrPU/,Wholesome Garden Pizza
https://www.instagram.com/p/CFC9wScDMQL/,Joe's Pizzeria
https://www.instagram.com/p/CE41sY6jWVl/,Pizza Central of Brooklyn
https://www.instagram.com/p/CE4i18njutL/,Pizza D'Amore
https://www.instagram.com/p/CEmpPvKDGJF/,A & S Pizzeria
https://www.instagram.com/p/CEHuv2GjxYj/,Ciros Pizza 116st
https://www.instagram.com/p/CD4TlrhDeel/,Woodhaven Cafe Pizzeria
https://www.instagram.com/p/CDcnw_xDT9m/,Cheeze Louiez
https://www.instagram.com/p/CDbzam1jpXd/,Gino's Pizza Farockaway Queens NY
https://www.instagram.com/p/CDb1QJajwuk/,JM Pizza
https://www.instagram.com/p/CDPNKQeDEtN/,Elegante
https://www.instagram.com/p/CDHwEH_D4fn/,Family Pizza
https://www.instagram.com/p/CC_kMlWDSbv/,Famous NY Pizza
https://www.instagram.com/p/CCblRFEDm3f/,Beach Channel Pizza
https://www.instagram.com/p/CCWhxDjjv0V/,Star 99¢ Pizza
https://www.instagram.com/p/CCL1mzkDhAX/,Pizza D'Amore
https://www.instagram.com/p/CB120XJDKno/,Joe's Pizza By The Sea
https://www.instagram.com/p/B--gNByD80N/,Joe & Sal's Pizza Fort Greene
https://www.instagram.com/p/CEhmeeMDitr/,Marios Chicken Pizza & Grill
https://www.instagram.com/p/B8UNUf4lFT5/,Pizza plus & the margarita bar
https://www.instagram.com/p/B7MjUsvFt-V/,Pizza's San Miguel
https://www.instagram.com/p/B4vG_MnFIHC/,Tommy's Pizza
https://www.instagram.com/p/B4F97qYlTlw/,Big Daddy's Pizza
https://www.instagram.com/p/B30IKPblm1z/,Bella Pizza Inc
https://www.instagram.com/p/B3fXbiblXca/,Tipsy Tomato Pizzeria
https://www.instagram.com/p/B299rvSlDB5/,Unique Bazaar Jamaica NY
https://www.instagram.com/p/B295MybF2oN/,Margherita Pizza Inc
https://www.instagram.com/p/B2X7uibFjqH/,Harbor Pizzeria
https://www.instagram.com/p/B03xrWllKf9/,Slice of Brooklyn
https://www.instagram.com/p/B0NCSNSFnN6/,Best Pizza Williamsburg
https://www.instagram.com/p/B0GudQaFLPX/,Ciros Pizza
https://www.instagram.com/p/BylNTCnlnIl/,99c Fresh Pizza
https://www.instagram.com/p/ByWTk6MlMnH/,Mangiamo Pizza
https://www.instagram.com/p/Bxkuqd_FqjX/,Farmers Pizzeria Inc.
https://www.instagram.com/p/BwxUZc2lf9V/,Margherita Pizza Inc
https://www.instagram.com/p/BwsGqLJlRLm/,Farmers Pizza and Grill
https://www.instagram.com/p/BwnIv84lX_c/,W4 Pizza
https://www.instagram.com/p/BwA-3_XF69U/,Luna Pizza
https://www.instagram.com/p/BvwyW6VlZXZ/,Justino's Pizzeria Pizzeria
https://www.instagram.com/p/BuzBSGJlXhO/,Joe's Pizzeria & Restaurant
https://www.instagram.com/p/Buj3E98lSIk/,Ancona Pizzeria & Heroes
https://www.instagram.com/p/Buccslolj66/,Hot Fresh Pizza 99c
https://www.instagram.com/p/BuKcKgbFPxv/,Gino's
https://www.instagram.com/p/BuIEAdLlrBV/,Famous  Calabria Pizza
https://www.instagram.com/p/BtsFwGGlBjr/,Roccos Pizzeria
https://www.instagram.com/p/BtpS5cgF3kd/,Hi-Class Pizza
https://www.instagram.com/p/BthbpeZlspD/,Baker's Pizza
https://www.instagram.com/p/BtCUUntFHZy/,Kiss My Slice
https://www.instagram.com/p/BsPTfFKF0VK/,99 Cent Fresh Hot Pizza
https://www.instagram.com/p/BrWI6yJFEZr/,Kiss My Slice
https://www.instagram.com/p/Bp71tzFlhkg/,Springfield & LA Bari Pizza & Restaurant
https://www.instagram.com/p/Bp5Csgklf5z/,Margherita Pizza Inc
https://www.instagram.com/p/Bpm6yeelpW3/,Vaccaro's Pizzeria & Trattoria
https://www.instagram.com/p/BpC0fRplIId/,Mario's Pizzeria
https://www.instagram.com/p/BoUaM-8lUCN/,Mario's Pizza
https://www.instagram.com/p/Bno1pCGFfwj/,Big John's Pizza
https://www.instagram.com/p/BnefAmBlskN/,Lamici
https://www.instagram.com/p/Bg1mKBTnbQ8/,Two Boots Pizza
https://www.instagram.com/p/BcnPkuXHIGi/,Alba Pizzeria
https://www.instagram.com/p/Bcc-5MqnfVn/,Pizza Plus
https://www.instagram.com/p/BcX5VBZHa9U/,Am PM Pizza Bagel
https://www.instagram.com/p/BcVjEWKnyDe/,Pino's Pizza
https://www.instagram.com/p/BcF3d7An-BX/,Margherita Pizza
https://www.instagram.com/p/BcDZBYrHsXE/,Carbo's Pizzeria
https://www.instagram.com/p/BajorZeHBBF/,Antonio's Pizzeria & Cafe
https://www.instagram.com/p/BXx3muMFmTq/,Rosa's Pizza
https://www.instagram.com/p/BXWWE-_FC7o/,2 Bros Pizza
https://www.instagram.com/p/BXGl6ZsFMxV/,Gotham Pizza
https://www.instagram.com/p/BV53mtcFtzs/,Joey's Pizza
https://www.instagram.com/p/BVano0fF6nz/,NY Fresh Pizza
https://www.instagram.com/p/BUxvmj5FXX-/,Gotham Pizza
https://www.instagram.com/p/BUKSDd5lLxA/,Scarr's Pizza
https://www.instagram.com/p/BTpmvgEFWox/,Sutton Pizzeria
https://www.instagram.com/p/BTenvUhF35Y/,Little Gio's Pizza
https://www.instagram.com/p/BTKuzgblmxf/,99 Cent Express Pizza
https://www.instagram.com/p/BSy62q8AiIp/,Sofia Pizza Shoppe
https://www.instagram.com/p/BR9UwdMAMG1/,Luigi's Family Italian Ristorante and Pizzeria
https://www.instagram.com/p/BQY_2ktjs40/,Italian Village Pizzeria & Restaurant NYC
https://www.instagram.com/p/BQYykV4DaU3/,Bosa's Pizza of Harlem
https://www.instagram.com/p/BPx0yCmDQQi/,Rivoli Pizza II
https://www.instagram.com/p/BPiwMXaDTM9/,J's Pizza
https://www.instagram.com/p/BPdbHYQDWk5/,44st Pizza
https://www.instagram.com/p/BOaXugYjJTp/,Joey Pepperoni's Pizza
https://www.instagram.com/p/BL4mG_Sjw4E/,Tony's Pizzeria & Restaurant
https://www.instagram.com/p/BLzHgR_j7Kd/,Villa Mia Pizzeria
https://www.instagram.com/p/BLjW65EjuLH/,Sofia Pizza Shoppe
https://www.instagram.com/p/BKl0_81AFJf/,Mamma's Famous Ristorante
https://www.instagram.com/p/BKJumF0gNWU/,Justino's Pizzeria
https://www.instagram.com/p/BKJTdblgoo8/,New York sal's pizza
https://www.instagram.com/p/BKGvQsHAXq8/,Pizza & Pita
https://www.instagram.com/p/BJi46OFAMy0/,Luigi's Gourmet Pizza
https://www.instagram.com/p/BJdYqgJAiYp/,Giuseppe's Pizza At St George
https://www.instagram.com/p/BJau9htgvz3/,Tom's Pizza & Italian Restaurant Inc
https://www.instagram.com/p/BJV3d4TgKTK/,Three Brothers 3
https://www.instagram.com/p/BJVptf9gYbD/,Domenick's Pizza
https://www.instagram.com/p/BJT460qgs-Z/,John & Tony's
https://www.instagram.com/p/BJROMYkgsH0/,Mario's Pizza
https://www.instagram.com/p/BJDi0pqg2TL/,J&D Pizzeria Restaurant
https://www.instagram.com/p/BJDsbFEALSZ/,Lenny's Pizza
https://www.instagram.com/p/BI0Rugfgqbo/,Romeo's Pizzeria
https://www.instagram.com/p/BIz_f5AA2BG/,Dany's Pizza Restaurant
https://www.instagram.com/p/BIa3CL7A8Vj/,Cafe Daniellos
https://www.instagram.com/p/BIYeo2MhAdX/,Gino's Pizzeria
https://www.instagram.com/p/BIYcF0vB119/,Armando's Pizza
https://www.instagram.com/p/BHYGifjA_s_/,Ray's Pizza
https://www.instagram.com/p/BHQPtvxAQL1/,Claudio's Pizzeria
https://www.instagram.com/p/BHQEcJkgZ6j/,Aenos Pizza
https://www.instagram.com/p/BHK7JMTgNmT/,Luke Pizza
https://www.instagram.com/p/BHK2rCLgWne/,Fresco Pizza & Pasta
https://www.instagram.com/p/BHG071Lg0c8/,Pinos La Forchetta Pizzeria & Restaurant
https://www.instagram.com/p/BGxFRmFBpzf/,Bleecker Street Pizza
https://www.instagram.com/p/BGiShnqhp6u/,Roma Pizza
https://www.instagram.com/p/BGc_IYehp_B/,Saba's Pizza NY
https://www.instagram.com/p/BGcXktvBp9l/,Little Italy Pizza
https://www.instagram.com/p/BGIhl8OhpxY/,99¢ Pizza
https://www.instagram.com/p/BF0I-bpBp4G/,My PIE Pizzeria
https://www.instagram.com/p/BFxSFT4Bp8X/,Sal's Pizza Store
https://www.instagram.com/p/BFh1Ggchp2Z/,Cotta Bene Pizzeria Restaurant
https://www.instagram.com/p/BFChgVUhp_0/,NY Pizza Suprema
https://www.instagram.com/p/BE9ijpyhpzH/,Pizza Boy II
https://www.instagram.com/p/BE9BQkphp2r/,Martiniello's Pizzeria
https://www.instagram.com/p/BE7GcOpBp3m/,Marabella Pizza
https://www.instagram.com/p/BE1-6EWhp6s/,Mark's Pizza
https://www.instagram.com/p/BEzUYvUBpyT/,Picasso Pizzeria
https://www.instagram.com/p/BEaEr-SBp0g/,Mario's Pizzeria
https://www.instagram.com/p/BDT3ZeqBp8z/,Milano Pizza Shop
https://www.instagram.com/p/BC_kvMhhpxf/,620 Caton Pizzeria
https://www.instagram.com/p/BBwDJlfhp53/,Gotham Pizza
https://www.instagram.com/p/BBviMqMhpzH/,Bella Napoli
https://www.instagram.com/p/BBJOiM4hp5B/,Lunetta Pizza & Restaurant
https://www.instagram.com/p/BBBXVQzBp3F/,Royal Pizza
https://www.instagram.com/p/BALn-Ckhp4z/,Luigi Pizza Restaurant
https://www.instagram.com/p/_-O510BpyA/,Pizza Prince
https://www.instagram.com/p/_-2FglhpwL/,Little Italy Pizza
https://www.instagram.com/p/_2mO5Ghp5B/,DJ Pizza
https://www.instagram.com/p/_xcjJ1hpwF/,San Remo Pizza
https://www.instagram.com/p/_r7vJ1Bp8r/,Tony's Original's
https://www.instagram.com/p/_nZQkPBpwl/,Fiore's Pizza
https://www.instagram.com/p/_hljlchp7v/,Abitino's Trattoria Pizzeria
https://www.instagram.com/p/_acRk1Bp2r/,99 Cents Fresh Pizza
https://www.instagram.com/p/_XmcBSBp8T/,Gourmet Park
https://www.instagram.com/p/_PkJYgBp4L/,City Slice
https://www.instagram.com/p/_IT_V-hp2v/,Majestic Pizza
https://www.instagram.com/p/-7nUbNBp3I/,Luna Pizza
https://www.instagram.com/p/-2AFp5BpwX/,Rosetti's Pizza
https://www.instagram.com/p/-fUNZvhp2q/,Sal Pizza
https://www.instagram.com/p/-XWJHFBp7k/,Pizza 33
https://www.instagram.com/p/-UW__chp3L/,Dough Boys Pizza
https://www.instagram.com/p/-VYmvUBp7X/,Yankee Pizza
https://www.instagram.com/p/-R56iWhp9l/,Primavera Pizza & Pasta
https://www.instagram.com/p/-Pgq_WBp5L/,La Bellezza Pizzeria
https://www.instagram.com/p/-FXRGShpyw/,King Pizza & Pasta
https://www.instagram.com/p/-E8dn2hp4r/,Not Ray's Nick's Pizza Inc
https://www.instagram.com/p/-CmEgOBp8s/,Abitino Pizzeria & Restaurant
https://www.instagram.com/p/97Xqo4Bp_U/,Gotham Pizza
https://www.instagram.com/p/9y-wb9Bp7C/,Arturo's Pizza
https://www.instagram.com/p/9zui1MBp5y/,Delizia 92 Restaurant & Pizzeria
https://www.instagram.com/p/9wlyodhpxz/,Pastafina Restaurant
https://www.instagram.com/p/9uYspGhpzu/,Mamma Mia Pizza & Grill
https://www.instagram.com/p/9ttxwUBp5S/,Pizza Park Corp
https://www.instagram.com/p/9mJM5Lhp9o/,Papa John's Pizza
https://www.instagram.com/p/9XDJkEBpyD/,Little Italy Pizza
https://www.instagram.com/p/9WsF3JBp7A/,Francesco's Pizza
https://www.instagram.com/p/9KBaeBBp_5/,LaRustica Pizza
https://www.instagram.com/p/9E41GNhpx1/,Pizza Works
https://www.instagram.com/p/9ErhqDhp-G/,Triangle Pizzeria
https://www.instagram.com/p/81Y0g3Bp92/,La Traviata Pizzeria
https://www.instagram.com/p/8zK1U-hp8E/,Joey Pepperoni's Pizza
https://www.instagram.com/p/8jKJ-iBp0-/,Stella's Pizza
https://www.instagram.com/p/8ggqnjhp7y/,Patsy's Pizza
https://www.instagram.com/p/8gfZuBBp5t/,Sam's Famous Pizza 116th
https://www.instagram.com/p/8eKFG0hpyO/,Cucina Bene
https://www.instagram.com/p/8ZFatYBpzH/,Melani Pizzeria
https://www.instagram.com/p/8ZEEJphpwS/,La Margarita Pizza
https://www.instagram.com/p/8ZfpjBhp16/,Rosario Pizza Inc
https://www.instagram.com/p/8RLs8lBpx-/,Sal's Pizza and Restaurant
https://www.instagram.com/p/8RFxHCBp2U/,Napoli Pizza
https://www.instagram.com/p/8Oc4wZBp-R/,Not Ray's Leo's Pizza
https://www.instagram.com/p/8L7PWWhpx2/,Little Vincent's Pizza
https://www.instagram.com/p/8LrnO7Bp2F/,Pizza Boss NYC
https://www.instagram.com/p/8HQVkahp_S/,Arturo's Italian Restaurant
https://www.instagram.com/p/8G0wd2hp1g/,Lunetta Pizza
https://www.instagram.com/p/8D_a8ehpzf/,Phil's Pizza
https://www.instagram.com/p/8CIFocBp21/,Krust Pizza
https://www.instagram.com/p/787abDBp29/,Mike's Pizza
https://www.instagram.com/p/73wlRNhp3X/,Susano's Pizzeria Restaurant
https://www.instagram.com/p/7wLnI4hp2B/,East Village Pizza
https://www.instagram.com/p/7tH3ZsBp-v/,Famiglia Pizzeria
https://www.instagram.com/p/7oFx5UBpzL/,Stromboli Pizza
https://www.instagram.com/p/7TYVgjBp2I/,Martinellos Pizza
https://www.instagram.com/p/5Nfn4TBpzL/,Napoli Pizza and Pasta 
https://www.instagram.com/p/45M8MpBp8L/,Two Boots Pizza
https://www.instagram.com/p/4rvVfCBp3k/,Giuseppe's Pizzeria
https://www.instagram.com/p/4YjAx9hp56/,Sal's Little Italy
https://www.instagram.com/p/37ZWZUhp3K/,Mike's Pizza
https://www.instagram.com/p/3meCbzBp5F/,Joe's Pizza
https://www.instagram.com/p/3W6MuMhpwJ/,Clinton Square Pizza
https://www.instagram.com/p/3HNLTuBp7c/,Barone Pizza
https://www.instagram.com/p/2gx6NDhp8o/,2 Bros Pizza
https://www.instagram.com/p/2WqPu-hpzQ/,Nunzio's Pizzeria
https://www.instagram.com/p/106lwbBp-U/,Italy Pizza
https://www.instagram.com/p/1yauBOhpzX/,Pizza & bagel on 3rd
https://www.instagram.com/p/1oWVALBpxI/,City Island Delicatessan Inc
https://www.instagram.com/p/1oLMCShp5M/,Wilbel
https://www.instagram.com/p/1Y70lEhp9X/,Dona Bella Pizza
https://www.instagram.com/p/1JMVYjhp-B/,Anna Maria Pizza
https://www.instagram.com/p/1FMvrnhpzX/,Joe's Pizza of The Village
https://www.instagram.com/p/0oNEi2hp-T/,Pizza & Pasta Restaurant
https://www.instagram.com/p/zvbKdqhp04/,Russ Pizza
https://www.instagram.com/p/zazfXrhp7J/,"Portofino Ristorante Forest Hills, Queens"
https://www.instagram.com/p/zaqkBnhp34/,Pepino Pizzeria
https://www.instagram.com/p/zX-6-XBp8P/,Pizza Town
https://www.instagram.com/p/zTXxzIBp46/,Pizza Di Napoli
https://www.instagram.com/p/zTXnmRBp4l/,Pizza Di Napoli
https://www.instagram.com/p/zLzeszBp1S/,Dani's House of Pizza
https://www.instagram.com/p/y0wyzVBpxp/,Joe's Pizza of The Village
https://www.instagram.com/p/yyCR40Bp9E/,Antonio's Pizzeria & Restaurant
https://www.instagram.com/p/yyTeb1Bp5D/,Archie's Pizza 
https://www.instagram.com/p/ysimNzhp3W/,Corte Cafe Pizza
https://www.instagram.com/p/yYecwxBp-G/,Little Italy Pizza
https://www.instagram.com/p/yKwmTJBpwk/,Tony's Pizza Spot
https://www.instagram.com/p/x-h95XBp1h/,2 Bros. Pizza
https://www.instagram.com/p/xcp_uEBp0o/,"Artichoke Basille's Pizza - East Village, NYC"
https://www.instagram.com/p/xYehyFhpzP/,Percy's $1 Pizza
https://www.instagram.com/p/xX6zPVBp_l/,Caesar's Palace Pizza
https://www.instagram.com/p/xM8PAmBp7O/,Carmine and Sons
https://www.instagram.com/p/xIPCiohp2k/,Ginas Pizzeria
https://www.instagram.com/p/xF9IFqhp7A/,Norberts Pizza
https://www.instagram.com/p/xFYQWYhp36/,Francos Pizza
https://www.instagram.com/p/xAaqZEBp-I/,Vinny vincenz Pizza
https://www.instagram.com/p/w7sDQkhp_-/,$1.00 Pizza
https://www.instagram.com/p/w2fJx4Bp6y/,Smiling Pizza
https://www.instagram.com/p/w1zRxhhp3z/,Lean Crust
https://www.instagram.com/p/wxFsw0Bp8k/,Danny's Pizza II
https://www.instagram.com/p/wpYpyZBp-d/,Iggy's Pizzeria
https://www.instagram.com/p/wj1tjIhp6Y/,Joe's Pizza
https://www.instagram.com/p/wfO4iFBp8N/,Gotham Pizza NYC
https://www.instagram.com/p/wenxOnhp41/,Nina's Restaurant & Pizzeria
https://www.instagram.com/p/wNGT8xhp1n/,99c Fresh Pizza
https://www.instagram.com/p/wKYrh-Bp8i/,Milly's Pizza
https://www.instagram.com/p/wCSIgZBp6O/,Little Gio's Pizza
https://www.instagram.com/p/v-Qjeihp99/,Two Boots Pizza
https://www.instagram.com/p/v_2cvvhpyb/,Two Grandpa's Pizza
https://www.instagram.com/p/v_u9-Whpy_/,Samaria Pizzeria
https://www.instagram.com/p/v9AHfrBp6j/,Crispy Pizza
https://www.instagram.com/p/v2SU_EBp62/,J's Pizza
https://www.instagram.com/p/vw3pMwBp7Z/,Fdr 99 Cent Slice Pizza
https://www.instagram.com/p/vwOjSFhp6X/,Neighborhood Pizza
https://www.instagram.com/p/vubOqFBpzh/,Norberts Pizza
https://www.instagram.com/p/vrN0tchp0y/,Pranzo
https://www.instagram.com/p/vq923SBp9V/,IL Porto: Brick Oven Pizza and Ristorante
https://www.instagram.com/p/vkH32SBp9F/,La Traviata Pizzeria
https://www.instagram.com/p/vedaCjBp_N/,Little Italy Pizza III
https://www.instagram.com/p/vZFqidBp3v/,Williamsburg Pizza LES
https://www.instagram.com/p/vUuKofBp1M/,Mariella Pizza
https://www.instagram.com/p/vM7jRnhp53/,Lucia Pizza
https://www.instagram.com/p/u_w5uthpx3/,Pizza Pasta Restaurant
https://www.instagram.com/p/u6bKzdhp-U/,Tom's Delicious Pizza
https://www.instagram.com/p/u6HLcThpxC/,Makkah Pizza
https://www.instagram.com/p/u6Br4RBp0y/,Best Pizza of 1st Avenue
https://www.instagram.com/p/u36-mDBp5-/,99 Cents Famous Pizza
https://www.instagram.com/p/uzARndhp8T/,Mike's Pizza
https://www.instagram.com/p/uwk6R4hp_F/,Bergen Pizza
https://www.instagram.com/p/uwOI22Bp89/,Douma
https://www.instagram.com/p/urbNuwhp4j/,Brooklyn Harvest Market
https://www.instagram.com/p/uqgh3OBp5g/,Williamsburg Pizza LES
https://www.instagram.com/p/uomPfdhpxL/,Lower East Side Pizza
https://www.instagram.com/p/ubvlK_hp6-/,Bosco Pizza
https://www.instagram.com/p/ub_NOUBpxW/,Norberts Pizza
https://www.instagram.com/p/uZKvxiBp6D/,Liberty Pizza
https://www.instagram.com/p/uTm0evhpw1/,Angelica Pizzeria & Restaurant
https://www.instagram.com/p/uTsYNnhp8k/,"Domenico's Pizza & Pasta, Amboy Road"
https://www.instagram.com/p/uO0Y89Bp-M/,Luigi Pizzeria
https://www.instagram.com/p/uO0UVhhp-B/,Luigi Pizzeria
https://www.instagram.com/p/uEANDshp6c/,Dee's & L Pizza Plus
https://www.instagram.com/p/t6NRKYBp54/,L&B Spumoni Gardens
https://www.instagram.com/p/t6NMoIhp5w/,L&B Spumoni Gardens
https://www.instagram.com/p/t1KXyrBp-m/,Roccos Pizza Joint
https://www.instagram.com/p/t1A5IChpwy/,Cafe Au Lee
https://www.instagram.com/p/tyH4hShp2d/,Ani Pizza Palace
https://www.instagram.com/p/tq3r40hp3o/,Cozzi Pizza
https://www.instagram.com/p/tfvcHLhp24/,Pronto Pizza
https://www.instagram.com/p/tdqtcgBp6o/,La Rondine
https://www.instagram.com/p/tbXVPqhp1g/,Williamsburg Pizza
https://www.instagram.com/p/tTgj6zBpxv/,Coffee break
https://www.instagram.com/p/tQSHFUBp93/,Sunnyside Pizza
https://www.instagram.com/p/tOHJJVhpxM/,Di Fara Pizza
https://www.instagram.com/p/tJOOOIBp3z/,New Park Pizza
https://www.instagram.com/p/tJwW-8Bp5T/,Muzzarella Pizza
https://www.instagram.com/p/tIqJ15Bp97/,Domenick's Pizza 
https://www.instagram.com/p/tB63Fuhp3j/,Goodfellas Pizzeria & Italian Restaurant
https://www.instagram.com/p/s8Q60Chp_h/,South Shore Pizza
https://www.instagram.com/p/s8L9P4hp2c/,Margherita Pizza Inc
https://www.instagram.com/p/s5qawuhpya/,Ray's Bagel Café & Pizza
https://www.instagram.com/p/syWFBpBpzo/,Champion Pizza
https://www.instagram.com/p/sseqovBp_9/,East Side Brick Oven Pizza
https://www.instagram.com/p/ssMJP5hp0J/,Pisa Pizzeria
https://www.instagram.com/p/sqr49BBpxE/,Two Boots to Go-Go
https://www.instagram.com/p/sqXuUrBpwP/,Triangolo Pizzeria
https://www.instagram.com/p/snilEQBp5q/,Luigi's Pizza
https://www.instagram.com/p/sgHNZqhp6V/,Royal Pizza Myrtle Ave
https://www.instagram.com/p/sdi1bihpw2/,Ganni's Pizza
https://www.instagram.com/p/saUUM2hp30/,Rocco Pizza
https://www.instagram.com/p/sYOs90Bpzb/,Roebling Pizza
https://www.instagram.com/p/sVYP-Ohp5z/,Pizza Mercato Waverly
https://www.instagram.com/p/sQpXR_hp4D/,Prince St. Pizza
https://www.instagram.com/p/sOItFZBpxE/,Village Pizza
https://www.instagram.com/p/sNlyCzhp4C/,69 pizzeria
https://www.instagram.com/p/sLk-tTBp3l/,Fdr 99 Cent Slice Pizza
https://www.instagram.com/p/sLcm4IBp6o/,Alphonso's Pizzeria & Trattoria - Pizza Shack
https://www.instagram.com/p/sLPUqxBpy8/,Saluggi's
https://www.instagram.com/p/sLEA_Vhp_Y/,Mimi's Pizza
https://www.instagram.com/p/sD1K6zhp19/,Luna Pizza
https://www.instagram.com/p/sDxKlShp_Q/,Joe's Pizza
https://www.instagram.com/p/r7fBy1Bp-_/,Carmine's Original Pizza
https://www.instagram.com/p/r5ZFuhhp3q/,2 Bros. Pizza
https://www.instagram.com/p/r43W0EBp-8/,Two Boots Pizza Williamsburg
https://www.instagram.com/p/r0ffdMBp3F/,South Brooklyn Pizza
https://www.instagram.com/p/rxtD0Zhp34/,Cassiano's Pizza
https://www.instagram.com/p/run9pYBp_-/,Best Pizza
https://www.instagram.com/p/runYlchp-z/,Best Pizza
https://www.instagram.com/p/rsKCK-hp4A/,Tony's Pizza
https://www.instagram.com/p/rqCdE_hp3N/,Bleecker Street Pizza
https://www.instagram.com/p/rnT-kRhp4h/,Chai Pizza Sushi Cafe
https://www.instagram.com/p/rh17_NBp7a/,Alphonso's Pizzeria & Trattoria - Pizza Shack
https://www.instagram.com/p/rfnZKmBp3B/,Frank's Pizza
https://www.instagram.com/p/rfGr-RBp4U/,Bona Pizza
